team,1,2,3
JAX,0.96,1.54,2.7
SF,0.97,1.91,2.57
KC,0.95,1.56,2.46
MIN,0.82,1.7,2.44
CHI,0.78,1.38,2.4
LV,0.88,1.72,2.36
SEA,0.67,1.85,2.24
BUF,0.6,1.28,2.0
CIN,0.63,1.56,1.96
BAL,0.82,1.27,1.82
CAR,0.22,1.18,1.64
DAL,0.29,1.23,1.64
NYJ,0.9,1.37,1.6
DET,0.52,0.82,1.46
NO,0.48,1.16,1.45
LA,0.03,1.08,1.44
PIT,0.76,0.55,1.25
DEN,0.05,0.53,1.2
NYG,0.71,0.57,1.15
WAS,0.44,0.54,1.1
PHI,0.56,1.18,1.06
IND,0.18,0.58,1.05
TB,0.37,0.74,1.03
ARI,0.84,0.61,1.02
CLE,0.04,0.44,0.98
ATL,0.24,0.08,0.95
HOU,0.4,0.5,0.88
NE,0.33,1.68,0.85
TEN,0.1,0.46,0.67
GB,0.18,0.63,0.65
LAC,0.16,0.32,0.57
MIA,0.12,0.18,0.27
