Team,Week,Next game,Win prob,Pred score,Offense,Defense
MIN,4,vs MIA,75.6,25.2 - 15.6,0.55,1.68
SF,4,vs DEN,72.5,27.2 - 19.0,3.66,1.08
BUF,4,vs NE,72.4,26.3 - 18.1,4.01,-0.78
SEA,4,vs LAC,71.5,25.0 - 17.1,1.01,1.08
BAL,4,vs TEN,70.9,25.8 - 18.2,2.97,-0.78
CHI,4,vs NYJ,66.7,25.6 - 19.7,2.62,0.88
NO,4,vs ATL,64.1,25.1 - 20.2,1.7,-1.12
TB,4,vs GB,61.5,24.5 - 20.5,-0.49,-0.85
CAR,4,vs DET,58.2,27.9 - 25.0,2.62,-1.12
WAS,4,vs IND,58.1,26.0 - 23.2,1.01,-1.72
NYG,4,vs ARI,56.6,22.0 - 19.7,-2.33,0.75
LV,4,vs KC,56.5,24.8 - 22.5,2.51,0.82
CLE,4,vs PIT,55.5,21.5 - 19.6,-1.41,-0.32
PHI,4,vs LA,54.2,21.8 - 20.4,-1.3,-0.18
DAL,4,@ HOU,52.7,23.9 - 23.0,2.51,-1.05
CIN,4,vs JAX,51.5,22.9 - 22.4,1.59,0.22
JAX,4,@ CIN,48.5,22.4 - 22.9,1.82,2.02
HOU,4,vs DAL,47.3,23.0 - 23.9,-1.41,-0.58
LA,4,@ PHI,45.8,20.4 - 21.8,-0.6,0.22
PIT,4,@ CLE,44.5,19.6 - 21.5,-1.53,0.42
KC,4,@ LV,43.5,22.5 - 24.8,2.51,1.08
ARI,4,@ NYG,43.4,19.7 - 22.0,-0.37,-0.98
IND,4,@ WAS,41.9,23.2 - 26.0,0.66,-1.65
DET,4,@ CAR,41.8,25.0 - 27.9,3.08,-1.92
GB,4,@ TB,38.5,20.5 - 24.5,-1.18,-1.65
ATL,4,@ NO,35.9,20.2 - 25.1,-1.76,-0.12
NYJ,4,@ CHI,33.3,19.7 - 25.6,-0.26,0.35
TEN,4,@ BAL,29.1,18.2 - 25.8,-3.37,0.48
LAC,4,@ SEA,28.5,17.1 - 25.0,-2.56,-0.65
NE,4,@ BUF,27.6,18.1 - 26.3,-3.49,1.02
DEN,4,@ SF,27.5,19.0 - 27.2,-0.72,-0.25
MIA,4,@ MIN,24.4,15.6 - 25.2,-3.49,-1.32
