team,conf,wins now,proj wins,make playoffs,win division,#1 seed
KC,AFC,4.0,11.726,0.94,0.662,0.346
JAX,AFC,3.0,11.29,0.93,0.849,0.243
LV,AFC,3.0,10.428,0.798,0.299,0.121
BUF,AFC,3.0,9.948,0.756,0.632,0.079
BAL,AFC,3.0,10.155,0.752,0.459,0.094
CIN,AFC,2.0,9.055,0.531,0.227,0.034
CLE,AFC,3.0,8.998,0.512,0.206,0.034
NE,AFC,2.0,8.335,0.4,0.224,0.013
IND,AFC,2.0,8.398,0.392,0.133,0.013
PIT,AFC,2.0,8.191,0.34,0.108,0.011
DEN,AFC,2.0,7.91,0.286,0.037,0.008
NYJ,AFC,1.0,7.53,0.247,0.133,0.004
HOU,AFC,0.0,5.767,0.044,0.009,0.0
TEN,AFC,0.0,5.378,0.03,0.008,0.0
LAC,AFC,0.0,5.152,0.023,0.002,0.0
MIA,AFC,0.0,4.826,0.018,0.01,0.0
SF,NFC,4.0,12.136,0.947,0.732,0.373
MIN,NFC,4.0,11.702,0.913,0.542,0.279
CHI,NFC,3.0,10.999,0.838,0.349,0.151
SEA,NFC,3.0,10.106,0.686,0.213,0.077
NYG,NFC,3.0,9.525,0.613,0.479,0.037
DAL,NFC,2.0,8.932,0.484,0.329,0.019
CAR,NFC,1.0,8.419,0.468,0.411,0.009
DET,NFC,2.0,9.076,0.463,0.092,0.029
NO,NFC,1.0,8.17,0.412,0.358,0.008
LA,NFC,2.0,8.517,0.338,0.05,0.01
PHI,NFC,2.0,7.822,0.242,0.149,0.004
ATL,NFC,1.0,7.209,0.216,0.175,0.002
GB,NFC,2.0,7.512,0.166,0.017,0.003
WAS,NFC,1.0,6.425,0.08,0.043,0.001
TB,NFC,0.0,5.821,0.069,0.056,0.0
ARI,NFC,1.0,6.543,0.066,0.006,0.0
