week,gameday,away_team,home_team,p_home,pick,pick_prob
4,2026-10-01,PIT,CLE,0.534,CLE,0.534
4,2026-10-04,TEN,BAL,0.657,BAL,0.657
4,2026-10-04,NE,BUF,0.659,BUF,0.659
4,2026-10-04,DET,CAR,0.581,CAR,0.581
4,2026-10-04,NYJ,CHI,0.646,CHI,0.646
4,2026-10-04,JAX,CIN,0.477,JAX,0.523
4,2026-10-04,DAL,HOU,0.489,DAL,0.511
4,2026-10-04,KC,LV,0.55,LV,0.55
4,2026-10-04,MIA,MIN,0.76,MIN,0.76
4,2026-10-04,ARI,NYG,0.583,NYG,0.583
4,2026-10-04,LA,PHI,0.528,PHI,0.528
4,2026-10-04,LAC,SEA,0.708,SEA,0.708
4,2026-10-04,DEN,SF,0.705,SF,0.705
4,2026-10-04,GB,TB,0.608,TB,0.608
4,2026-10-04,IND,WAS,0.567,WAS,0.567
4,2026-10-05,ATL,NO,0.603,NO,0.603
5,2026-10-08,TB,DAL,0.621,DAL,0.621
5,2026-10-11,DET,ARI,0.519,ARI,0.519
5,2026-10-11,BAL,ATL,0.478,BAL,0.522
5,2026-10-11,CHI,GB,0.374,CHI,0.626
5,2026-10-11,PHI,JAX,0.716,JAX,0.716
5,2026-10-11,DEN,LAC,0.499,DEN,0.501
5,2026-10-11,CIN,MIA,0.378,CIN,0.622
5,2026-10-11,LV,NE,0.425,LV,0.575
5,2026-10-11,MIN,NO,0.471,MIN,0.529
5,2026-10-11,CLE,NYJ,0.616,NYJ,0.616
5,2026-10-11,IND,PIT,0.59,PIT,0.59
5,2026-10-11,SF,SEA,0.504,SEA,0.504
5,2026-10-11,HOU,TEN,0.554,TEN,0.554
5,2026-10-11,NYG,WAS,0.545,WAS,0.545
5,2026-10-12,BUF,LA,0.499,BUF,0.501
6,2026-10-15,SEA,DEN,0.465,SEA,0.535
6,2026-10-18,CHI,ATL,0.418,CHI,0.582
6,2026-10-18,BAL,CLE,0.479,BAL,0.521
6,2026-10-18,DAL,GB,0.453,DAL,0.547
6,2026-10-18,TEN,IND,0.578,IND,0.578
6,2026-10-18,HOU,JAX,0.731,JAX,0.731
6,2026-10-18,LAC,KC,0.735,KC,0.735
6,2026-10-18,ARI,LA,0.603,LA,0.603
6,2026-10-18,BUF,LV,0.595,LV,0.595
6,2026-10-18,NYJ,NE,0.508,NE,0.508
6,2026-10-18,NO,NYG,0.541,NYG,0.541
6,2026-10-18,CAR,PHI,0.508,PHI,0.508
6,2026-10-18,PIT,TB,0.536,TB,0.536
6,2026-10-19,WAS,SF,0.718,SF,0.718
7,2026-10-22,NE,CHI,0.694,CHI,0.694
7,2026-10-25,DEN,ARI,0.541,ARI,0.541
7,2026-10-25,SF,ATL,0.388,SF,0.612
7,2026-10-25,CIN,BAL,0.552,BAL,0.552
7,2026-10-25,TB,CAR,0.621,CAR,0.621
7,2026-10-25,GB,DET,0.646,DET,0.646
7,2026-10-25,NYG,HOU,0.53,HOU,0.53
7,2026-10-25,LA,LV,0.654,LV,0.654
7,2026-10-25,IND,MIN,0.687,MIN,0.687
7,2026-10-25,PIT,NO,0.576,NO,0.576
7,2026-10-25,MIA,NYJ,0.699,NYJ,0.699
7,2026-10-25,KC,SEA,0.528,SEA,0.528
7,2026-10-25,CLE,TEN,0.544,TEN,0.544
7,2026-10-26,DAL,PHI,0.508,PHI,0.508
8,2026-10-29,CAR,GB,0.453,CAR,0.547
8,2026-11-01,BAL,BUF,0.583,BUF,0.583
8,2026-11-01,TEN,CIN,0.666,CIN,0.666
8,2026-11-01,ARI,DAL,0.623,DAL,0.623
8,2026-11-01,KC,DEN,0.431,KC,0.569
8,2026-11-01,MIN,DET,0.471,MIN,0.529
8,2026-11-01,IND,JAX,0.724,JAX,0.724
8,2026-11-01,LAC,LA,0.642,LA,0.642
8,2026-11-01,NE,MIA,0.467,NE,0.533
8,2026-11-01,LV,NYJ,0.479,LV,0.521
8,2026-11-01,CLE,PIT,0.588,PIT,0.588
8,2026-11-01,ATL,TB,0.564,TB,0.564
8,2026-11-01,PHI,WAS,0.557,WAS,0.557
8,2026-11-02,CHI,SEA,0.535,SEA,0.535
9,2026-11-05,JAX,BAL,0.467,JAX,0.533
9,2026-11-08,CIN,ATL,0.468,CIN,0.532
9,2026-11-08,DEN,CAR,0.603,CAR,0.603
9,2026-11-08,TB,CHI,0.694,CHI,0.694
9,2026-11-08,DAL,IND,0.498,DAL,0.502
9,2026-11-08,NYJ,KC,0.652,KC,0.652
9,2026-11-08,HOU,LAC,0.53,LAC,0.53
9,2026-11-08,DET,MIA,0.427,DET,0.573
9,2026-11-08,GB,NE,0.608,NE,0.608
9,2026-11-08,CLE,NO,0.603,NO,0.603
9,2026-11-08,NYG,PHI,0.549,PHI,0.549
9,2026-11-08,ARI,SEA,0.673,SEA,0.673
9,2026-11-08,LV,SF,0.597,SF,0.597
9,2026-11-08,LA,WAS,0.524,WAS,0.524
9,2026-11-09,BUF,MIN,0.589,MIN,0.589
10,2026-11-12,WAS,NYG,0.578,NYG,0.578
10,2026-11-15,LA,ARI,0.519,ARI,0.519
10,2026-11-15,KC,ATL,0.412,KC,0.588
10,2026-11-15,PIT,CIN,0.625,CIN,0.625
10,2026-11-15,HOU,CLE,0.572,CLE,0.572
10,2026-11-15,SF,DAL,0.449,SF,0.551
10,2026-11-15,NE,DET,0.601,DET,0.601
10,2026-11-15,MIN,GB,0.385,MIN,0.615
10,2026-11-15,MIA,IND,0.649,IND,0.649
10,2026-11-15,SEA,LV,0.583,LV,0.583
10,2026-11-15,CAR,NO,0.541,NO,0.541
10,2026-11-15,BUF,NYJ,0.513,NYJ,0.513
10,2026-11-15,JAX,TEN,0.369,JAX,0.631
10,2026-11-16,LAC,BAL,0.679,BAL,0.679
11,2026-11-19,IND,HOU,0.553,HOU,0.553
11,2026-11-22,MIA,BUF,0.739,BUF,0.739
11,2026-11-22,BAL,CAR,0.541,CAR,0.541
11,2026-11-22,NO,CHI,0.658,CHI,0.658
11,2026-11-22,TEN,DAL,0.639,DAL,0.639
11,2026-11-22,LV,DEN,0.443,LV,0.557
11,2026-11-22,TB,DET,0.601,DET,0.601
11,2026-11-22,ARI,KC,0.701,KC,0.701
11,2026-11-22,NYJ,LAC,0.463,NYJ,0.537
11,2026-11-22,JAX,NYG,0.406,JAX,0.594
11,2026-11-22,PIT,PHI,0.543,PHI,0.543
11,2026-11-22,MIN,SF,0.602,SF,0.602
11,2026-11-23,CIN,WAS,0.473,CIN,0.527
12,2026-11-25,GB,LA,0.645,LA,0.645
12,2026-11-26,KC,BUF,0.516,BUF,0.516
12,2026-11-26,PHI,DAL,0.614,DAL,0.614
12,2026-11-26,CHI,DET,0.46,CHI,0.54
12,2026-11-27,DEN,PIT,0.569,PIT,0.569
12,2026-11-29,WAS,ARI,0.557,ARI,0.557
12,2026-11-29,NO,CIN,0.611,CIN,0.611
12,2026-11-29,LV,CLE,0.423,LV,0.577
12,2026-11-29,BAL,HOU,0.468,BAL,0.532
12,2026-11-29,NYG,IND,0.539,IND,0.539
12,2026-11-29,TEN,JAX,0.737,JAX,0.737
12,2026-11-29,NE,LAC,0.517,LAC,0.517
12,2026-11-29,NYJ,MIA,0.414,NYJ,0.586
12,2026-11-29,ATL,MIN,0.686,MIN,0.686
12,2026-11-29,SEA,SF,0.618,SF,0.618
12,2026-11-30,CAR,TB,0.501,TB,0.501
13,2026-12-03,KC,LA,0.453,KC,0.547
13,2026-12-06,PHI,ARI,0.553,ARI,0.553
13,2026-12-06,DET,ATL,0.519,ATL,0.519
13,2026-12-06,JAX,CHI,0.528,CHI,0.528
13,2026-12-06,CIN,CLE,0.469,CIN,0.531
13,2026-12-06,MIA,DEN,0.668,DEN,0.668
13,2026-12-06,CAR,MIN,0.63,MIN,0.63
13,2026-12-06,BUF,NE,0.459,BUF,0.541
13,2026-12-06,GB,NO,0.646,NO,0.646
13,2026-12-06,SF,NYG,0.409,SF,0.591
13,2026-12-06,HOU,PIT,0.599,PIT,0.599
13,2026-12-06,LAC,TB,0.605,TB,0.605
13,2026-12-06,WAS,TEN,0.54,TEN,0.54
13,2026-12-07,DAL,SEA,0.614,SEA,0.614
14,2026-12-10,MIN,NE,0.431,MIN,0.569
14,2026-12-13,TB,BAL,0.64,BAL,0.64
14,2026-12-13,NO,CAR,0.582,CAR,0.582
14,2026-12-13,KC,CIN,0.504,CIN,0.504
14,2026-12-13,ATL,CLE,0.562,CLE,0.562
14,2026-12-13,TEN,DET,0.62,DET,0.62
14,2026-12-13,BUF,GB,0.412,BUF,0.588
14,2026-12-13,LAC,LV,0.726,LV,0.726
14,2026-12-13,CHI,MIA,0.331,CHI,0.669
14,2026-12-13,DEN,NYJ,0.597,NYJ,0.597
14,2026-12-13,IND,PHI,0.571,PHI,0.571
14,2026-12-13,NYG,SEA,0.653,SEA,0.653
14,2026-12-13,LA,SF,0.686,SF,0.686
14,2026-12-13,HOU,WAS,0.576,WAS,0.576
14,2026-12-14,PIT,JAX,0.7,JAX,0.7
15,2026-12-17,SF,LAC,0.349,SF,0.651
15,2026-12-19,CHI,BUF,0.522,BUF,0.522
15,2026-12-19,SEA,PHI,0.453,SEA,0.547
15,2026-12-20,NYJ,ARI,0.505,ARI,0.505
15,2026-12-20,CIN,CAR,0.531,CAR,0.531
15,2026-12-20,MIA,GB,0.608,GB,0.608
15,2026-12-20,JAX,HOU,0.376,JAX,0.624
15,2026-12-20,DAL,LA,0.541,LA,0.541
15,2026-12-20,DEN,LV,0.674,LV,0.674
15,2026-12-20,DET,MIN,0.648,MIN,0.648
15,2026-12-20,CLE,NYG,0.582,NYG,0.582
15,2026-12-20,BAL,PIT,0.506,PIT,0.506
15,2026-12-20,NO,TB,0.521,TB,0.521
15,2026-12-20,IND,TEN,0.546,TEN,0.546
15,2026-12-20,ATL,WAS,0.566,WAS,0.566
15,2026-12-21,NE,KC,0.699,KC,0.699
16,2026-12-24,HOU,PHI,0.58,PHI,0.58
16,2026-12-25,GB,CHI,0.733,CHI,0.733
16,2026-12-25,BUF,DEN,0.477,BUF,0.523
16,2026-12-25,LA,SEA,0.634,SEA,0.634
16,2026-12-27,TB,ATL,0.559,ATL,0.559
16,2026-12-27,CLE,BAL,0.641,BAL,0.641
16,2026-12-27,JAX,DAL,0.447,JAX,0.553
16,2026-12-27,CIN,IND,0.467,CIN,0.533
16,2026-12-27,SF,KC,0.537,KC,0.537
16,2026-12-27,TEN,LV,0.706,LV,0.706
16,2026-12-27,LAC,MIA,0.511,MIA,0.511
16,2026-12-27,WAS,MIN,0.683,MIN,0.683
16,2026-12-27,ARI,NO,0.603,NO,0.603
16,2026-12-27,NE,NYJ,0.614,NYJ,0.614
16,2026-12-27,CAR,PIT,0.527,PIT,0.527
16,2026-12-28,NYG,DET,0.583,DET,0.583
17,2026-12-31,BAL,CIN,0.571,CIN,0.571
17,2027-01-03,LV,ARI,0.423,LV,0.577
17,2027-01-03,NO,ATL,0.519,ATL,0.519
17,2027-01-03,SEA,CAR,0.507,CAR,0.507
17,2027-01-03,DET,CHI,0.658,CHI,0.658
17,2027-01-03,IND,CLE,0.563,CLE,0.563
17,2027-01-03,NYG,DAL,0.602,DAL,0.602
17,2027-01-03,WAS,JAX,0.72,JAX,0.72
17,2027-01-03,KC,LAC,0.371,KC,0.629
17,2027-01-03,BUF,MIA,0.367,BUF,0.633
17,2027-01-03,DEN,NE,0.544,NE,0.544
17,2027-01-03,MIN,NYJ,0.484,MIN,0.516
17,2027-01-03,PHI,SF,0.714,SF,0.714
17,2027-01-03,LA,TB,0.522,TB,0.522
17,2027-01-03,PIT,TEN,0.517,TEN,0.517
17,2027-01-04,HOU,GB,0.527,GB,0.527
18,2027-01-10,SF,ARI,0.388,SF,0.612
18,2027-01-10,PIT,BAL,0.615,BAL,0.615
18,2027-01-10,NYJ,BUF,0.609,BUF,0.609
18,2027-01-10,ATL,CAR,0.623,CAR,0.623
18,2027-01-10,CLE,CIN,0.65,CIN,0.65
18,2027-01-10,LAC,DEN,0.622,DEN,0.622
18,2027-01-10,DET,GB,0.473,DET,0.527
18,2027-01-10,TEN,HOU,0.569,HOU,0.569
18,2027-01-10,JAX,IND,0.384,JAX,0.616
18,2027-01-10,LV,KC,0.573,KC,0.573
18,2027-01-10,SEA,LA,0.487,SEA,0.513
18,2027-01-10,CHI,MIN,0.551,MIN,0.551
18,2027-01-10,MIA,NE,0.652,NE,0.652
18,2027-01-10,TB,NO,0.601,NO,0.601
18,2027-01-10,PHI,NYG,0.574,NYG,0.574
18,2027-01-10,DAL,WAS,0.503,WAS,0.503
