Team,W now,Proj W,10th pct,90th pct,P(10+ W),P(<=6 W),P(best record),Proj W (static),Win SD,Win SD (static),Proj L
SF,3.0,11.478,9.0,14.0,0.809,0.014,0.222,11.758,2.235,1.783,5.522
LV,3.0,11.013,8.0,14.0,0.745,0.026,0.167,11.191,2.273,1.807,5.987
BUF,3.0,10.994,8.0,14.0,0.742,0.027,0.161,11.216,2.291,1.815,6.006
MIN,3.0,10.963,8.0,14.0,0.74,0.025,0.158,10.956,2.259,1.812,6.037
KC,3.0,10.832,8.0,14.0,0.722,0.03,0.145,11.082,2.268,1.803,6.168
JAX,2.0,10.378,7.0,13.0,0.661,0.046,0.095,10.561,2.243,1.782,6.622
CHI,2.0,10.264,7.0,13.0,0.636,0.052,0.09,10.382,2.251,1.796,6.736
BAL,2.0,9.892,7.0,13.0,0.573,0.072,0.066,9.985,2.28,1.819,7.108
DET,2.0,9.708,7.0,13.0,0.542,0.08,0.055,9.715,2.272,1.81,7.292
CIN,2.0,9.688,7.0,13.0,0.537,0.085,0.058,9.786,2.302,1.831,7.312
SEA,2.0,9.534,7.0,13.0,0.51,0.095,0.056,9.583,2.284,1.829,7.466
DAL,1.0,8.791,6.0,12.0,0.389,0.161,0.022,8.777,2.284,1.829,8.209
CAR,1.0,8.748,6.0,12.0,0.385,0.172,0.026,8.737,2.335,1.848,8.252
PIT,2.0,8.535,6.0,12.0,0.344,0.196,0.02,8.457,2.294,1.834,8.465
NO,1.0,8.513,6.0,11.0,0.342,0.196,0.016,8.503,2.296,1.826,8.487
PHI,2.0,8.506,6.0,12.0,0.337,0.199,0.02,8.412,2.302,1.837,8.494
CLE,2.0,8.458,5.0,11.0,0.328,0.206,0.021,8.297,2.309,1.83,8.542
NYG,2.0,8.431,5.0,11.0,0.323,0.209,0.021,8.281,2.318,1.846,8.569
DEN,2.0,8.203,5.0,11.0,0.287,0.24,0.017,8.299,2.283,1.829,8.797
NYJ,1.0,8.156,5.0,11.0,0.286,0.24,0.014,8.102,2.287,1.813,8.844
WAS,1.0,8.036,5.0,11.0,0.267,0.258,0.012,7.873,2.291,1.837,8.964
LA,1.0,7.694,5.0,11.0,0.22,0.31,0.009,7.614,2.287,1.808,9.306
IND,1.0,7.601,5.0,11.0,0.208,0.323,0.008,7.638,2.291,1.833,9.399
ARI,1.0,7.38,4.0,10.0,0.182,0.361,0.007,7.297,2.296,1.84,9.62
NE,1.0,7.006,4.0,10.0,0.138,0.423,0.004,6.959,2.252,1.8,9.994
GB,1.0,6.932,4.0,10.0,0.134,0.438,0.004,6.841,2.269,1.808,10.068
ATL,1.0,6.849,4.0,10.0,0.131,0.454,0.004,6.914,2.288,1.825,10.151
TB,0.0,6.584,4.0,10.0,0.106,0.49,0.002,6.452,2.294,1.829,10.416
HOU,0.0,6.389,3.0,9.0,0.095,0.526,0.001,6.316,2.319,1.845,10.611
LAC,0.0,5.579,3.0,9.0,0.045,0.665,0.0,5.438,2.243,1.802,11.421
TEN,0.0,5.549,3.0,8.0,0.042,0.672,0.0,5.506,2.226,1.778,11.451
MIA,0.0,5.317,2.0,8.0,0.037,0.703,0.0,5.071,2.245,1.781,11.683
