season,week,gameday,home_team,away_team,home_score,away_score,pts_home,pts_away,p_home,status,pick,pick_prob,result
2026,1,2026-09-09,SEA,NE,13.0,10.0,23.32643679887139,20.79354392386582,0.5727811212710349,final,SEA,0.5727811212710349,SEA
2026,1,2026-09-10,LA,SF,7.0,27.0,23.32643679887139,20.79354392386582,0.5727811212710349,final,LA,0.5727811212710349,SF
2026,1,2026-09-13,CAR,CHI,37.0,59.0,23.32643679887139,20.79354392386582,0.5727811212710349,final,CAR,0.5727811212710349,CHI
2026,1,2026-09-13,CIN,TB,33.0,27.0,23.32643679887139,20.79354392386582,0.5727811212710349,final,CIN,0.5727811212710349,CIN
2026,1,2026-09-13,DET,NO,31.0,30.0,23.32643679887139,20.79354392386582,0.5727811212710349,final,DET,0.5727811212710349,DET
2026,1,2026-09-13,HOU,BUF,31.0,36.0,23.32643679887139,20.79354392386582,0.5727811212710349,final,HOU,0.5727811212710349,BUF
2026,1,2026-09-13,IND,BAL,23.0,41.0,23.32643679887139,20.79354392386582,0.5727811212710349,final,IND,0.5727811212710349,BAL
2026,1,2026-09-13,JAX,CLE,34.0,10.0,23.32643679887139,20.79354392386582,0.5727811212710349,final,JAX,0.5727811212710349,JAX
2026,1,2026-09-13,LAC,ARI,14.0,26.0,23.32643679887139,20.79354392386582,0.5727811212710349,final,LAC,0.5727811212710349,ARI
2026,1,2026-09-13,LV,MIA,27.0,13.0,23.32643679887139,20.79354392386582,0.5727811212710349,final,LV,0.5727811212710349,LV
2026,1,2026-09-13,MIN,GB,39.0,22.0,23.32643679887139,20.79354392386582,0.5727811212710349,final,MIN,0.5727811212710349,MIN
2026,1,2026-09-13,NYG,DAL,28.0,20.0,23.32643679887139,20.79354392386582,0.5727811212710349,final,NYG,0.5727811212710349,NYG
2026,1,2026-09-13,PHI,WAS,24.0,22.0,23.32643679887139,20.79354392386582,0.5727811212710349,final,PHI,0.5727811212710349,PHI
2026,1,2026-09-13,PIT,ATL,20.0,13.0,23.32643679887139,20.79354392386582,0.5727811212710349,final,PIT,0.5727811212710349,PIT
2026,1,2026-09-13,TEN,NYJ,10.0,23.0,23.32643679887139,20.79354392386582,0.5727811212710349,final,TEN,0.5727811212710349,NYJ
2026,1,2026-09-14,KC,DEN,31.0,10.0,23.32643679887139,20.79354392386582,0.5727811212710349,final,KC,0.5727811212710349,KC
2026,2,2026-09-17,BUF,DET,41.0,31.0,26.21793751651771,22.95947744920017,0.5932885116213216,final,BUF,0.5932885116213216,BUF
2026,2,2026-09-20,ARI,SEA,7.0,31.0,22.97479677225805,18.669465965581814,0.622418199642131,final,ARI,0.622418199642131,SEA
2026,2,2026-09-20,ATL,CAR,3.0,34.0,24.86782639438773,23.03190070159135,0.5528943548429653,final,ATL,0.5528943548429653,CAR
2026,2,2026-09-20,BAL,NO,17.0,24.0,27.10641437788747,22.146434367600822,0.6402977373275595,final,BAL,0.6402977373275595,NO
2026,2,2026-09-20,CHI,MIN,3.0,9.0,29.278600163754522,24.739441699318935,0.6288368751732165,final,CHI,0.6288368751732165,MIN
2026,2,2026-09-20,DAL,WAS,37.0,20.0,23.14673802345356,21.262473297299923,0.5542785228966289,final,DAL,0.5542785228966289,DAL
2026,2,2026-09-20,DEN,JAX,20.0,13.0,20.39232628636728,23.44369066530469,0.4125413852178213,final,JAX,0.5874586147821788,DEN
2026,2,2026-09-20,HOU,CIN,6.0,20.0,25.166550986090154,23.689560432581,0.5425973532088842,final,HOU,0.5425973532088842,CIN
2026,2,2026-09-20,KC,IND,33.0,30.0,26.306918669494706,19.95769068114796,0.677198436651665,final,KC,0.677198436651665,KC
2026,2,2026-09-20,LAC,LV,14.0,26.0,21.282308411426662,21.906585655082996,0.4819672406358703,final,LV,0.5180327593641296,LV
2026,2,2026-09-20,NE,PIT,20.0,3.0,20.636690789953967,19.717841968630125,0.526531158149447,final,NE,0.526531158149447,NE
2026,2,2026-09-20,NYJ,GB,17.0,20.0,24.85277375749153,19.796286275779785,0.642908810112962,final,NYJ,0.642908810112962,GB
2026,2,2026-09-20,SF,MIA,35.0,13.0,24.520933364617466,18.099282123879536,0.6790788822798179,final,SF,0.6790788822798179,SF
2026,2,2026-09-20,TB,CLE,19.0,23.0,25.09111720631974,19.732894605526326,0.6510288837070455,final,TB,0.6510288837070455,CLE
2026,2,2026-09-20,TEN,PHI,20.0,24.0,21.369784300714038,21.178007935391786,0.5055413268950248,final,TEN,0.5055413268950248,PHI
2026,2,2026-09-21,LA,NYG,28.0,6.0,20.722661415551727,22.149444894980064,0.4588454128795637,final,NYG,0.5411545871204363,LA
2026,3,2026-09-24,GB,ATL,14.0,35.0,23.756638139844707,17.873268517347398,0.6649958027656998,final,GB,0.6649958027656998,ATL
2026,3,2026-09-27,BUF,LAC,24.0,16.0,28.31764792759774,19.927168677485167,0.7283161059974625,final,BUF,0.7283161059974625,BUF
2026,3,2026-09-27,CLE,CAR,21.0,18.0,23.132579908191463,25.051042376827308,0.4447426374162586,final,CAR,0.5552573625837414,CLE
2026,3,2026-09-27,DAL,BAL,31.0,34.0,25.261027749414822,22.9359478966254,0.5668684981819571,final,DAL,0.5668684981819571,BAL
2026,3,2026-09-27,DEN,LA,30.0,26.0,20.603097713566832,19.549126056098057,0.5304256539046418,final,DEN,0.5304256539046418,DEN
2026,3,2026-09-27,DET,NYJ,31.0,24.0,24.68728713682343,22.200996890850963,0.5714565719291197,final,DET,0.5714565719291197,DET
2026,3,2026-09-27,IND,HOU,19.0,17.0,25.382797224538308,22.01741393065855,0.5962904931413816,final,IND,0.5962904931413816,IND
2026,3,2026-09-27,JAX,NE,35.0,6.0,21.643401154657166,17.850276785333236,0.6082414607074598,final,JAX,0.6082414607074598,JAX
2026,3,2026-09-27,MIA,KC,10.0,24.0,20.578248486538303,24.76930083853036,0.38073126415481506,final,KC,0.6192687358451849,KC
2026,3,2026-09-27,NO,LV,27.0,35.0,23.39132971447425,22.26342954092468,0.5325552062482445,final,NO,0.5325552062482445,LV
2026,3,2026-09-27,NYG,TEN,12.0,7.0,22.1674433131915,19.169845104701363,0.5859418414271421,final,NYG,0.5859418414271421,NYG
2026,3,2026-09-27,PIT,CIN,30.0,27.0,19.661572015585822,21.163789274784577,0.4566779349731933,final,CIN,0.5433220650268067,PIT
2026,3,2026-09-27,SF,ARI,36.0,30.0,25.78692740296353,17.520694287993603,0.725323165671432,final,SF,0.725323165671432,SF
2026,3,2026-09-27,TB,MIN,16.0,23.0,22.168681643201083,22.177385993832015,0.49974848204019534,final,MIN,0.5002515179598046,MIN
2026,3,2026-09-27,WAS,SEA,33.0,31.0,21.04419215003245,22.00591806465147,0.47223275039552454,final,SEA,0.5277672496044754,WAS
2026,3,2026-09-28,CHI,PHI,27.0,7.0,25.566999349735507,21.444292483071944,0.6173813654923763,final,CHI,0.6173813654923763,CHI
2026,4,2026-10-01,CLE,PIT,,,21.498603637945692,19.583515412722925,0.555160796723592,predicted,CLE,0.555160796723592,
2026,4,2026-10-04,BAL,TEN,,,25.812935490467268,18.205407689388522,0.7091894842612338,predicted,BAL,0.7091894842612338,
2026,4,2026-10-04,BUF,NE,,,26.317376322346252,18.090118828411253,0.724380950578128,predicted,BUF,0.724380950578128,
2026,4,2026-10-04,CAR,DET,,,27.86628403365933,24.994808227188205,0.5823788627240742,predicted,CAR,0.5823788627240742,
2026,4,2026-10-04,CHI,NYJ,,,25.60035863676457,19.652085320410922,0.6667067368084754,predicted,CHI,0.6667067368084754,
2026,4,2026-10-04,CIN,JAX,,,22.896637272605382,22.39373346414724,0.5145285257409875,predicted,CIN,0.5145285257409875,
2026,4,2026-10-04,HOU,DAL,,,22.96479065946583,23.88520500538546,0.4734237052234706,predicted,DAL,0.5265762947765293,
2026,4,2026-10-04,LV,KC,,,24.75197626502724,22.48566284847987,0.5651937178276961,predicted,LV,0.5651937178276961,
2026,4,2026-10-04,MIN,MIA,,,25.191280754537566,15.62425883767284,0.7558282618705235,predicted,MIN,0.7558282618705235,
2026,4,2026-10-04,NYG,ARI,,,21.97583490703315,19.670086188662758,0.5663177126142409,predicted,NYG,0.5663177126142409,
2026,4,2026-10-04,PHI,LA,,,21.813827092766616,20.37253657131195,0.5415715225330205,predicted,PHI,0.5415715225330205,
2026,4,2026-10-04,SEA,LAC,,,24.985987552301115,17.14637350702194,0.714924324118491,predicted,SEA,0.714924324118491,
2026,4,2026-10-04,SF,DEN,,,27.23776216709094,18.990995282658204,0.7248527784099945,predicted,SF,0.7248527784099945,
2026,4,2026-10-04,TB,GB,,,24.486905328814927,20.462540912571136,0.6146607364668925,predicted,TB,0.6146607364668925,
2026,4,2026-10-04,WAS,IND,,,25.985660521519392,23.173545928196575,0.5806995361522942,predicted,WAS,0.5806995361522942,
2026,4,2026-10-05,NO,ATL,,,25.1445618012483,20.152676066143012,0.6411616995018605,predicted,NO,0.6411616995018605,
2026,5,2026-10-08,DAL,TB,,,26.684677338849237,21.35420867227839,0.6502848042451222,predicted,DAL,0.6502848042451222,
2026,5,2026-10-11,ARI,DET,,,24.8687736482504,24.861518497959104,0.5002096423631834,predicted,ARI,0.5002096423631834,
2026,5,2026-10-11,ATL,BAL,,,22.352344618075826,23.879846396992658,0.45595170683924846,predicted,BAL,0.5440482931607515,
2026,5,2026-10-11,GB,CHI,,,21.262667307598363,25.06681170019555,0.39145193590703414,predicted,CHI,0.6085480640929659,
2026,5,2026-10-11,JAX,PHI,,,25.32649552684012,17.481522873168146,0.7150560958239756,predicted,JAX,0.7150560958239756,
2026,5,2026-10-11,LAC,DEN,,,21.012163674318547,20.723761762636546,0.5083329582219639,predicted,LAC,0.5083329582219639,
2026,5,2026-10-11,MIA,CIN,,,19.62333873419855,23.695987628327394,0.3840027663098091,predicted,CIN,0.6159972336901909,
2026,5,2026-10-11,NE,LV,,,19.023534952667582,22.285728254636215,0.4066065803889005,predicted,LV,0.5933934196110995,
2026,5,2026-10-11,NO,MIN,,,23.345150456655407,22.45845328568834,0.5256040991376177,predicted,NO,0.5256040991376177,
2026,5,2026-10-11,NYJ,CLE,,,23.384585758478426,19.032355627554672,0.6237083857364694,predicted,NYJ,0.6237083857364694,
2026,5,2026-10-11,PIT,IND,,,23.44930558001953,21.040910260530918,0.5692408357372919,predicted,PIT,0.5692408357372919,
2026,5,2026-10-11,SEA,SF,,,23.253221072322773,23.371971999794333,0.49656865560967983,predicted,SF,0.5034313443903202,
2026,5,2026-10-11,TEN,HOU,,,20.53836597055044,18.89906589832557,0.5472575945514956,predicted,TEN,0.5472575945514956,
2026,5,2026-10-11,WAS,NYG,,,23.58644539539553,20.176035542787645,0.597552976564013,predicted,WAS,0.597552976564013,
2026,5,2026-10-12,LA,BUF,,,23.50523322784849,24.584221822715303,0.46885361869318226,predicted,BUF,0.5311463813068178,
2026,6,2026-10-15,DEN,SEA,,,21.523888157663777,22.053225489608234,0.4847081937305235,predicted,SEA,0.5152918062694765,
2026,6,2026-10-18,ATL,CHI,,,20.686223002712033,23.53397981406086,0.4182919683907997,predicted,CHI,0.5817080316092003,
2026,6,2026-10-18,CLE,BAL,,,22.698211201007624,24.079780990836316,0.46014515214078516,predicted,BAL,0.5398548478592149,
2026,6,2026-10-18,GB,DAL,,,23.195368381420362,24.951522839218285,0.4493912628723999,predicted,DAL,0.5506087371276001,
2026,6,2026-10-18,IND,TEN,,,23.50715827092194,19.071790929377695,0.6259920631100038,predicted,IND,0.6259920631100038,
2026,6,2026-10-18,JAX,HOU,,,25.72636471452743,17.36623401219088,0.7275865467240874,predicted,JAX,0.7275865467240874,
2026,6,2026-10-18,KC,LAC,,,26.48474274500558,17.14637350702194,0.7506017135494564,predicted,KC,0.7506017135494564,
2026,6,2026-10-18,LA,ARI,,,23.705167821692147,20.203245105579175,0.6001157264742715,predicted,LA,0.6001157264742715,
2026,6,2026-10-18,LV,BUF,,,26.618032474234685,23.984418041184334,0.5756410292460354,predicted,LV,0.5756410292460354,
2026,6,2026-10-18,NE,NYJ,,,19.490049004969446,19.518795591181817,0.4991693489524015,predicted,NYJ,0.5008306510475985,
2026,6,2026-10-18,NYG,NO,,,22.10912463626225,21.745285686253556,0.5105121506638419,predicted,NYG,0.5105121506638419,
2026,6,2026-10-18,PHI,CAR,,,23.14672438505765,23.600624678675413,0.4868866127064669,predicted,CAR,0.5131133872935332,
2026,6,2026-10-18,TB,PIT,,,22.420914525763823,20.116674329639338,0.5662747261415607,predicted,TB,0.5662747261415607,
2026,6,2026-10-19,SF,WAS,,,28.703949188611077,20.7203281973172,0.7184554086751289,predicted,SF,0.7184554086751289,
2026,7,2026-10-22,CHI,NE,,,24.933909990619053,16.42399721304746,0.7311777305602529,predicted,CHI,0.7311777305602529,
2026,7,2026-10-25,ARI,DEN,,,23.202652032886608,21.05698608570931,0.5617517584714276,predicted,ARI,0.5617517584714276,
2026,7,2026-10-25,ATL,SF,,,20.486288408868376,24.57157956285626,0.38365306008087935,predicted,SF,0.6163469399191206,
2026,7,2026-10-25,BAL,CIN,,,26.079514948925475,23.16282871141098,0.5836568588079554,predicted,BAL,0.5836568588079554,
2026,7,2026-10-25,CAR,TB,,,26.799966199826503,21.420853536892942,0.6515885610032355,predicted,CAR,0.6515885610032355,
2026,7,2026-10-25,DET,GB,,,28.06086001911019,21.528858746403962,0.6819352600895981,predicted,DET,0.6819352600895981,
2026,7,2026-10-25,HOU,NYG,,,21.165379314872933,19.043072844340266,0.5610847859875816,predicted,HOU,0.5610847859875816,
2026,7,2026-10-25,LV,LA,,,25.61835950501641,19.372863602093673,0.6744971665338566,predicted,LV,0.6744971665338566,
2026,7,2026-10-25,MIN,IND,,,25.524505077610325,19.774657832854437,0.6614652485591508,predicted,MIN,0.6614652485591508,
2026,7,2026-10-25,NO,PIT,,,24.611402884331888,20.383253788097544,0.6202919838069074,predicted,NO,0.6202919838069074,
2026,7,2026-10-25,NYJ,MIA,,,24.3842587276967,16.957156129963874,0.7046942582630149,predicted,NYJ,0.7046942582630149,
2026,7,2026-10-25,SEA,KC,,,23.253221072322773,22.219083390021666,0.5298541744816534,predicted,SEA,0.5298541744816534,
2026,7,2026-10-25,TEN,CLE,,,20.271786512092234,18.89906589832557,0.5396004139688514,predicted,TEN,0.5396004139688514,
2026,7,2026-10-26,PHI,DAL,,,23.080079520443096,23.485335817698147,0.4882915322415056,predicted,DAL,0.5117084677584944,
2026,8,2026-10-29,GB,CAR,,,23.262013246034915,25.06681170019555,0.44799730287831,predicted,CAR,0.55200269712169,
2026,8,2026-11-01,BUF,BAL,,,28.11678766693915,24.546295043138176,0.6020331603196502,predicted,BUF,0.6020331603196502,
2026,8,2026-11-01,CIN,TEN,,,24.429469158740073,17.20573472017025,0.6995894270715048,predicted,CIN,0.6995894270715048,
2026,8,2026-11-01,DAL,ARI,,,26.817967068078342,21.469497533255655,0.6507674712419274,predicted,DAL,0.6507674712419274,
2026,8,2026-11-01,DEN,KC,,,21.523888157663777,23.5519806823127,0.44160700365246913,predicted,KC,0.5583929963475309,
2026,8,2026-11-01,DET,MIN,,,24.728616788382606,23.25819166106296,0.5424087185705174,predicted,DET,0.5424087185705174,
2026,8,2026-11-01,JAX,IND,,,26.792682548360258,19.441433509781678,0.7027948948486165,predicted,JAX,0.7027948948486165,
2026,8,2026-11-01,LA,LAC,,,23.371943498619384,18.012756747011114,0.6510547220536063,predicted,LA,0.6510547220536063,
2026,8,2026-11-01,MIA,NE,,,18.823600358823928,18.623277745327666,0.5057882514961556,predicted,MIA,0.5057882514961556,
2026,8,2026-11-01,NYJ,LV,,,22.251623060031044,22.952176900781733,0.47976571605946094,predicted,LV,0.520234283940539,
2026,8,2026-11-01,PIT,CLE,,,22.116408287728497,18.96571076294012,0.5902574090184953,predicted,PIT,0.5902574090184953,
2026,8,2026-11-01,TB,ATL,,,22.954073442680237,19.886096607684806,0.5879269984775994,predicted,TB,0.5879269984775994,
2026,8,2026-11-01,WAS,PHI,,,24.519473499999254,21.213635291583042,0.5946193902389055,predicted,WAS,0.5946193902389055,
2026,8,2026-11-02,SEA,CHI,,,23.453155666166428,22.334372250998932,0.5322926420310339,predicted,SEA,0.5322926420310339,
2026,9,2026-11-05,BAL,JAX,,,24.280103604332577,23.393406433365513,0.5256040991376176,predicted,BAL,0.5256040991376176,
2026,9,2026-11-08,ATL,CIN,,,21.35267164885755,22.496380065265463,0.4669895472638016,predicted,CIN,0.5330104527361984,
2026,9,2026-11-08,CAR,DEN,,,26.200162418295537,21.19027581493841,0.6416488195630556,predicted,CAR,0.6416488195630556,
2026,9,2026-11-08,CHI,TB,,,26.799966199826503,19.42150759845639,0.7034768609798312,predicted,CHI,0.7034768609798312,
2026,9,2026-11-08,IND,DAL,,,25.03999015705663,24.951522839218285,0.502556304248477,predicted,IND,0.502556304248477,
2026,9,2026-11-08,KC,NYJ,,,25.485069775787306,19.452150726567268,0.6689328870413132,predicted,KC,0.6689328870413132,
2026,9,2026-11-08,LAC,HOU,,,21.345387997391306,20.032028596772946,0.537893230279568,predicted,LAC,0.537893230279568,
2026,9,2026-11-08,MIA,DET,,,21.755974401864204,25.19474282103186,0.40165240881957126,predicted,DET,0.5983475911804288,
2026,9,2026-11-08,NE,GB,,,21.489394943405998,18.596484703363686,0.5829848747705965,predicted,NE,0.5829848747705965,
2026,9,2026-11-08,NO,CLE,,,25.34449639509196,20.49854264907481,0.637204229803035,predicted,NO,0.637204229803035,
2026,9,2026-11-08,PHI,NYG,,,21.2806681758502,18.643203656652954,0.5757502713728699,predicted,PHI,0.5757502713728699,
2026,9,2026-11-08,SEA,ARI,,,25.319211875373878,19.336861865590002,0.6676036526378272,predicted,SEA,0.6676036526378272,
2026,9,2026-11-08,SF,LV,,,26.17144433325811,22.219083390021666,0.6126651783942306,predicted,SF,0.6126651783942306,
2026,9,2026-11-08,WAS,LA,,,24.119604312311946,21.90536845744664,0.5637085839693333,predicted,WAS,0.5637085839693333,
2026,9,2026-11-09,MIN,BUF,,,24.658121837621152,23.118034801195165,0.5444097152988538,predicted,MIN,0.5444097152988538,
2026,10,2026-11-12,NYG,WAS,,,22.708928417793217,21.053552520389957,0.5477188212455064,predicted,NYG,0.5477188212455064,
2026,10,2026-11-15,ARI,LA,,,22.736137980584747,21.172274946686574,0.5450924114303893,predicted,ARI,0.5450924114303893,
2026,10,2026-11-15,ATL,KC,,,20.486288408868376,23.418690953083594,0.4158990832874464,predicted,KC,0.5841009167125536,
2026,10,2026-11-15,CIN,PIT,,,24.49611402335462,19.05035649580651,0.6533718707457475,predicted,CIN,0.6533718707457475,
2026,10,2026-11-15,CLE,HOU,,,22.49827660716397,19.69880427370019,0.5803416960280695,predicted,CLE,0.5803416960280695,
2026,10,2026-11-15,DAL,SF,,,24.75197626502724,25.504607667459986,0.4782629837863715,predicted,SF,0.5217370162136286,
2026,10,2026-11-15,DET,NE,,,25.39506543452812,19.223081526858632,0.6725772775884364,predicted,DET,0.6725772775884364,
2026,10,2026-11-15,GB,MIN,,,20.462928932223743,22.991612202604752,0.4273384914909862,predicted,MIN,0.5726615085090139,
2026,10,2026-11-15,IND,MIA,,,25.306569615514835,18.956502068400425,0.6772202616143527,predicted,IND,0.6772202616143527,
2026,10,2026-11-15,LV,SEA,,,24.75197626502724,20.986907655775404,0.6074605793110815,predicted,LV,0.6074605793110815,
2026,10,2026-11-15,NO,CAR,,,26.14423477046658,24.533652783279138,0.5464334942463901,predicted,NO,0.5464334942463901,
2026,10,2026-11-15,NYJ,BUF,,,23.851099810780287,24.4509320934862,0.4826729001284871,predicted,BUF,0.5173270998715129,
2026,10,2026-11-15,TEN,JAX,,,17.939216250582923,22.127154005689032,0.38081721287830106,predicted,JAX,0.6191827871216989,
2026,10,2026-11-16,BAL,LAC,,,26.945898188914644,19.012429716229388,0.7172280537265592,predicted,BAL,0.7172280537265592,
2026,11,2026-11-19,HOU,IND,,,23.564594440996796,22.040583229749195,0.5439480449255866,predicted,HOU,0.5439480449255866,
2026,11,2026-11-22,BUF,MIA,,,28.649946583855563,18.090118828411253,0.7778212171651078,predicted,BUF,0.7778212171651078,
2026,11,2026-11-22,CAR,BAL,,,26.73332133521195,24.879519366210936,0.5534063105529999,predicted,CAR,0.5534063105529999,
2026,11,2026-11-22,CHI,NO,,,27.06654565828471,21.611995957024455,0.6536068826976407,predicted,CHI,0.6536068826976407,
2026,11,2026-11-22,DAL,TEN,,,25.351780046558204,18.47198714784673,0.6908665525203187,predicted,DAL,0.6908665525203187,
2026,11,2026-11-22,DEN,LV,,,21.79046761612198,23.5519806823127,0.449237673712953,predicted,LV,0.550762326287047,
2026,11,2026-11-22,DET,TB,,,27.26112164373557,22.22059191226756,0.6424775204613956,predicted,DET,0.6424775204613956,
2026,11,2026-11-22,KC,ARI,,,26.817967068078342,19.336861865590002,0.7060430630817758,predicted,KC,0.7060430630817758,
2026,11,2026-11-22,LAC,NYJ,,,20.41235989278758,21.18491720654561,0.4776880890825077,predicted,NYJ,0.5223119109174923,
2026,11,2026-11-22,NYG,JAX,,,18.97681599937832,21.860574547230822,0.41727384541414114,predicted,JAX,0.5827261545858589,
2026,11,2026-11-22,PHI,PIT,,,21.613892498922958,19.45022568349382,0.5622656095200663,predicted,PHI,0.5622656095200663,
2026,11,2026-11-22,SF,MIN,,,25.30506109326894,20.25917275340813,0.6426223677396528,predicted,SF,0.6426223677396528,
2026,11,2026-11-23,WAS,CIN,,,24.119604312311946,24.095856816014706,0.5006861992953734,predicted,WAS,0.5006861992953734,
2026,12,2026-11-25,LA,GB,,,24.37161646783766,19.39622307873831,0.6407151997999467,predicted,LA,0.6407151997999467,
2026,12,2026-11-26,BUF,KC,,,26.250731457731703,24.085139599229112,0.5623205554150604,predicted,BUF,0.5623205554150604,
2026,12,2026-11-26,DAL,PHI,,,26.01822869270372,20.547186645437524,0.6540475582349141,predicted,DAL,0.6540475582349141,
2026,12,2026-11-26,DET,CHI,,,25.528355163757226,25.333391158653757,0.505633426823617,predicted,DET,0.505633426823617,
2026,12,2026-11-27,PIT,DEN,,,22.049763423113944,19.65744392880372,0.5687832819389058,predicted,PIT,0.5687832819389058,
2026,12,2026-11-29,ARI,WAS,,,24.668839054406746,22.786319000368305,0.5542285763409192,predicted,ARI,0.5542285763409192,
2026,12,2026-11-29,CIN,NO,,,26.028945909489313,22.278444603169973,0.60705495383812,predicted,CIN,0.60705495383812,
2026,12,2026-11-29,CLE,LV,,,21.098734450258384,23.61862554692725,0.4275883360537993,predicted,LV,0.5724116639462007,
2026,12,2026-11-29,HOU,BAL,,,22.698211201007624,24.346360449294522,0.4524885084541826,predicted,BAL,0.5475114915458175,
2026,12,2026-11-29,IND,NYG,,,23.24057881246373,20.109390678173092,0.5897080736891049,predicted,IND,0.5897080736891049,
2026,12,2026-11-29,JAX,TEN,,,24.660046880694605,15.40632337557735,0.7486519057236641,predicted,JAX,0.7486519057236641,
2026,12,2026-11-29,LAC,NE,,,19.745911246642063,17.956829099182148,0.5515523943094157,predicted,LAC,0.5515523943094157,
2026,12,2026-11-29,MIA,NYJ,,,19.490049004969446,21.851365852691128,0.43209938264101866,predicted,NYJ,0.5679006173589813,
2026,12,2026-11-29,MIN,ATL,,,23.991673191475634,17.35359175233184,0.6846709521407229,predicted,MIN,0.6846709521407229,
2026,12,2026-11-29,SF,SEA,,,25.904864874799905,20.7203281973172,0.6463629409266447,predicted,SF,0.6463629409266447,
2026,12,2026-11-30,TB,CAR,,,23.953746411898514,24.26707332482093,0.49094698844777374,predicted,CAR,0.5090530115522263,
2026,13,2026-12-03,LA,KC,,,21.639177018641043,23.08546663001084,0.4582848131523067,predicted,KC,0.5417151868476933,
2026,13,2026-12-06,ARI,PHI,,,23.136007168272055,20.480541780822975,0.5762609496486858,predicted,ARI,0.5762609496486858,
2026,13,2026-12-06,ATL,DET,,,23.485307316523205,23.995135257969928,0.4852715313753192,predicted,DET,0.5147284686246808,
2026,13,2026-12-06,CHI,JAX,,,23.93423702140078,21.72728481800172,0.5635007986536931,predicted,CHI,0.5635007986536931,
2026,13,2026-12-06,CLE,CIN,,,21.69853823178935,22.69631465910912,0.4711936669037589,predicted,CIN,0.5288063330962411,
2026,13,2026-12-06,DEN,MIA,,,23.923103283787636,17.55695991149484,0.6776380469814661,predicted,DEN,0.6776380469814661,
2026,13,2026-12-06,MIN,CAR,,,24.99134616069391,21.734568469467966,0.5932412328183783,predicted,MIN,0.5932412328183783,
2026,13,2026-12-06,NE,BUF,,,20.623011703416825,23.78448344734068,0.4094392919409125,predicted,BUF,0.5905607080590876,
2026,13,2026-12-06,NO,GB,,,26.67739368738299,20.729120371029342,0.6667067368084754,predicted,NO,0.6667067368084754,
2026,13,2026-12-06,NYG,SF,,,19.909844103982046,23.70519632286709,0.39169654976435464,predicted,SF,0.6083034502356454,
2026,13,2026-12-06,PIT,HOU,,,22.382987746186704,18.96571076294012,0.5977454325236625,predicted,PIT,0.5977454325236625,
2026,13,2026-12-06,TB,LAC,,,23.48723235959665,19.07907458084394,0.6252451319829253,predicted,TB,0.6252451319829253,
2026,13,2026-12-06,TEN,WAS,,,21.67132866899782,21.320131978848167,0.5101469666651047,predicted,TEN,0.5101469666651047,
2026,13,2026-12-07,SEA,DAL,,,25.385856739988427,22.219083390021666,0.5907099307337311,predicted,SEA,0.5907099307337311,
2026,14,2026-12-10,NE,MIN,,,18.157151712678413,20.325817618022683,0.4375917055312117,predicted,MIN,0.5624082944687883,
2026,14,2026-12-13,BAL,TB,,,27.1458327827583,21.087629213820183,0.6695967079894307,predicted,BAL,0.6695967079894307,
2026,14,2026-12-13,CAR,NO,,,27.06654565828471,23.611341895461006,0.5988079280777373,predicted,CAR,0.5988079280777373,
2026,14,2026-12-13,CIN,KC,,,23.829665377209103,23.08546663001084,0.5214937068081901,predicted,CIN,0.5214937068081901,
2026,14,2026-12-13,CLE,ATL,,,22.031762554862105,19.352937690768393,0.5769234587302473,predicted,CLE,0.5769234587302473,
2026,14,2026-12-13,DET,TEN,,,25.928224351444538,19.3383703878359,0.6834284611294061,predicted,DET,0.6834284611294061,
2026,14,2026-12-13,GB,BUF,,,22.928788922962156,26.45027803192275,0.3993368862470329,predicted,BUF,0.6006631137529671,
2026,14,2026-12-13,LV,LAC,,,26.48474274500558,17.412952965480144,0.7444339558401398,predicted,LV,0.7444339558401398,
2026,14,2026-12-13,MIA,CHI,,,18.956890088053033,24.73358737712279,0.33782363819562045,predicted,CHI,0.6621763618043796,
2026,14,2026-12-13,NYJ,DEN,,,23.317940893863874,19.72408879341827,0.6026858061417832,predicted,NYJ,0.6026858061417832,
2026,14,2026-12-13,PHI,IND,,,23.679883301974062,21.640714042061884,0.5587096125134776,predicted,PHI,0.5587096125134776,
2026,14,2026-12-13,SEA,NYG,,,23.58644539539553,17.376951228976473,0.6735574952666987,predicted,SEA,0.6735574952666987,
2026,14,2026-12-13,SF,LA,,,26.771248114789078,19.10628414363547,0.7106137422575689,predicted,SF,0.7106137422575689,
2026,14,2026-12-13,WAS,HOU,,,24.919342687686566,21.098346430605776,0.6090167927909275,predicted,WAS,0.6090167927909275,
2026,14,2026-12-14,JAX,PIT,,,24.726691745309154,17.250945151213614,0.7059093503164485,predicted,JAX,0.7059093503164485,
2026,15,2026-12-17,LAC,SF,,,19.679266382027514,25.104738479772674,0.34717057733000245,predicted,SF,0.6528294226699975,
2026,15,2026-12-19,BUF,CHI,,,26.450666051575357,24.20042846020638,0.5647353689112329,predicted,BUF,0.5647353689112329,
2026,15,2026-12-19,PHI,SEA,,,20.94744385277744,21.98658062499368,0.47000178011729865,predicted,SEA,0.5299982198827013,
2026,15,2026-12-20,ARI,NYJ,,,22.602848251355642,21.518141529618372,0.5313111038828549,predicted,ARI,0.5313111038828549,
2026,15,2026-12-20,CAR,CIN,,,25.733648365993677,23.49605303448374,0.5643748556020536,predicted,CAR,0.5643748556020536,
2026,15,2026-12-20,GB,MIA,,,23.46194783987857,18.956502068400425,0.6279136067075634,predicted,GB,0.6279136067075634,
2026,15,2026-12-20,HOU,JAX,,,19.899126887196452,23.19347183952186,0.40570336192481454,predicted,JAX,0.5942966380751855,
2026,15,2026-12-20,LA,DAL,,,23.771812686306696,23.08546663001084,0.519824258140867,predicted,LA,0.519824258140867,
2026,15,2026-12-20,LV,DEN,,,26.08487355731827,19.257574741116407,0.6895255382516365,predicted,LV,0.6895255382516365,
2026,15,2026-12-20,MIN,DET,,,25.79108453606853,22.195723913377034,0.6027279432340668,predicted,MIN,0.6027279432340668,
2026,15,2026-12-20,NYG,CLE,,,21.30938626088763,18.63248643986736,0.576868869877018,predicted,NYG,0.576868869877018,
2026,15,2026-12-20,PIT,BAL,,,22.582922340030358,23.346687480076245,0.4779417518329636,predicted,BAL,0.5220582481670364,
2026,15,2026-12-20,TB,NO,,,23.953746411898514,23.3447624370028,0.517591290793268,predicted,TB,0.517591290793268,
2026,15,2026-12-20,TEN,IND,,,21.604683804383267,20.97426539591637,0.5182100292860184,predicted,TEN,0.5182100292860184,
2026,15,2026-12-20,WAS,ATL,,,24.4528286353847,20.75247984767398,0.6056575739842632,predicted,WAS,0.6056575739842632,
2026,15,2026-12-21,KC,NE,,,24.818621129641787,16.224062619203806,0.7331966336468604,predicted,KC,0.7331966336468604,
2026,16,2026-12-24,PHI,HOU,,,22.613565468141235,19.565514544471085,0.5873651778868598,predicted,PHI,0.5873651778868598,
2026,16,2026-12-25,CHI,GB,,,27.599704575201123,18.72977443259279,0.7397111360423453,predicted,CHI,0.7397111360423453,
2026,16,2026-12-25,DEN,BUF,,,23.389944366871223,25.050735875017164,0.45212581555401754,predicted,BUF,0.5478741844459825,
2026,16,2026-12-25,SEA,LA,,,24.119604312311946,19.10628414363547,0.6417417088563763,predicted,SEA,0.6417417088563763,
2026,16,2026-12-27,ATL,TB,,,22.418989482690378,20.421180567674664,0.5575271831376215,predicted,ATL,0.5575271831376215,
2026,16,2026-12-27,BAL,CLE,,,26.612673865841888,20.16531832600205,0.6797451861175804,predicted,BAL,0.6797451861175804,
2026,16,2026-12-27,DAL,JAX,,,23.818948160423513,23.65998589182372,0.504593218549043,predicted,DAL,0.504593218549043,
2026,16,2026-12-27,IND,CIN,,,23.773737729380148,24.029211951400153,0.492618324406819,predicted,CIN,0.507381675593181,
2026,16,2026-12-27,KC,SF,,,24.75197626502724,23.371971999794333,0.5398098366600967,predicted,KC,0.5398098366600967,
2026,16,2026-12-27,LV,TEN,,,25.351780046558204,16.605930938639283,0.7367859103011162,predicted,LV,0.7367859103011162,
2026,16,2026-12-27,MIA,LAC,,,20.48972197418772,19.5455886331458,0.5272601100061299,predicted,MIA,0.5272601100061299,
2026,16,2026-12-27,MIN,WAS,,,25.591149942224877,20.120524415786235,0.6540364313618774,predicted,MIN,0.6540364313618774,
2026,16,2026-12-27,NO,ARI,,,26.010945041237477,21.536142397870208,0.6270737638375826,predicted,NO,0.6270737638375826,
2026,16,2026-12-27,NYJ,NE,,,22.05168846618739,16.957156129963874,0.6439363100184445,predicted,NYJ,0.6439363100184445,
2026,16,2026-12-27,PIT,CAR,,,22.916146663103117,23.000820897144447,0.4975532972650344,predicted,CAR,0.5024467027349656,
2026,16,2026-12-28,DET,NYG,,,25.661644892986327,20.3759701366313,0.6490826676177249,predicted,DET,0.6490826676177249,
2026,17,2026-12-31,CIN,BAL,,,25.695721586416553,23.546622073919902,0.5618497807588422,predicted,CIN,0.5618497807588422,
2026,17,2027-01-03,ARI,LV,,,22.136334199053778,24.28507419307277,0.43816048268743957,predicted,LV,0.5618395173125604,
2026,17,2027-01-03,ATL,NO,,,22.685568941148585,22.61166892624273,0.5021353796788209,predicted,ATL,0.5021353796788209,
2026,17,2027-01-03,CAR,SEA,,,24.867265126004504,22.919608729597407,0.5560927121239368,predicted,CAR,0.5560927121239368,
2026,17,2027-01-03,CHI,DET,,,27.86628403365933,22.995462288751654,0.63787966528693,predicted,CHI,0.63787966528693,
2026,17,2027-01-03,CLE,IND,,,23.564594440996796,21.77400377129099,0.5515956193025136,predicted,CLE,0.5515956193025136,
2026,17,2027-01-03,DAL,NYG,,,25.085200588099994,19.509586896642126,0.6568368375783014,predicted,DAL,0.6568368375783014,
2026,17,2027-01-03,JAX,WAS,,,26.85932741297481,19.787300092713476,0.6957555971492828,predicted,JAX,0.6957555971492828,
2026,17,2027-01-03,LAC,KC,,,19.679266382027514,23.951849870000007,0.37848348063954085,predicted,KC,0.6215165193604592,
2026,17,2027-01-03,MIA,BUF,,,20.623011703416825,26.11705370884999,0.3453382311504488,predicted,BUF,0.6546617688495512,
2026,17,2027-01-03,NE,DEN,,,20.089852786500412,19.057640147272753,0.5297987046221804,predicted,NE,0.5297987046221804,
2026,17,2027-01-03,NYJ,MIN,,,21.385239820041875,20.9922662641682,0.5113536980912906,predicted,NYJ,0.5113536980912906,
2026,17,2027-01-03,SF,PHI,,,27.171117302476386,18.414550977771867,0.7370392310021775,predicted,SF,0.7370392310021775,
2026,17,2027-01-03,TB,LA,,,22.62084911960748,21.03898521745747,0.5456091939476837,predicted,TB,0.5456091939476837,
2026,17,2027-01-03,TEN,PIT,,,19.538693001332163,18.783777037348305,0.5218029318200936,predicted,TEN,0.5218029318200936,
2026,17,2027-01-04,GB,HOU,,,22.7288543291185,21.031701565991224,0.5489171261945588,predicted,GB,0.5489171261945588,
2026,18,2027-01-10,ARI,SF,,,21.869754740595575,25.437962802845437,0.3980306839357298,predicted,SF,0.6019693160642702,
2026,18,2027-01-10,BAL,PIT,,,25.879580355081817,20.050029465024785,0.6635744773880807,predicted,BAL,0.6635744773880807,
2026,18,2027-01-10,BUF,NYJ,,,26.98382496849177,21.318206935774715,0.6592307412719477,predicted,BUF,0.6592307412719477,
2026,18,2027-01-10,CAR,ATL,,,26.066872689066432,20.152676066143012,0.665808866698866,predicted,CAR,0.665808866698866,
2026,18,2027-01-10,CIN,CLE,,,25.229207534114693,19.165645356783777,0.6697373247218856,predicted,CIN,0.6697373247218856,
2026,18,2027-01-10,DEN,LAC,,,23.256654637642118,18.479270799312975,0.6353396073106792,predicted,DEN,0.6353396073106792,
2026,18,2027-01-10,GB,DET,,,24.061751621409535,25.52796714410462,0.4577122347755858,predicted,DET,0.5422877652244142,
2026,18,2027-01-10,HOU,TEN,,,21.431958773331143,18.00547309554487,0.5980034751927755,predicted,HOU,0.5980034751927755,
2026,18,2027-01-10,IND,JAX,,,21.97432638478725,24.259789673354685,0.4342604013660053,predicted,JAX,0.5657395986339947,
2026,18,2027-01-10,KC,LV,,,25.01855572348544,22.219083390021666,0.5803416960280694,predicted,KC,0.5803416960280694,
2026,18,2027-01-10,LA,SEA,,,21.639177018641043,21.586711437306374,0.501516024072399,predicted,LA,0.501516024072399,
2026,18,2027-01-10,MIN,CHI,,,22.99200022225736,21.734568469467966,0.5362841538187415,predicted,MIN,0.5362841538187415,
2026,18,2027-01-10,NE,MIA,,,21.15617062033324,16.290707483818355,0.6377341572385649,predicted,NE,0.6377341572385649,
2026,18,2027-01-10,NO,TB,,,25.877655312008372,21.420853536892942,0.6265801280981145,predicted,NO,0.6265801280981145,
2026,18,2027-01-10,NYG,PHI,,,21.176096531658526,18.747775300844626,0.5698078425219109,predicted,NYG,0.5698078425219109,
2026,18,2027-01-10,WAS,DAL,,,25.385856739988427,25.018167703832837,0.5106233624185675,predicted,WAS,0.5106233624185675,
